mag_and_cluster	MFL103_1	MFL103_2	NFL148_1	NFL148_2	MFL198_1	MFL198_2	NFL200_1	NFL200_2	MFL234_1	MFL234_2	NFL237_1	NFL237_2	MFL295_1	MFL295_2	NFL247_1	NFL247_2	MFL314_1	MFL314_2	NFL267_1	NFL267_2	MFL900_1	MFL900_2	NFL900_1	NFL900_2	MPA103_1	MPA103_2	NPA148_1	NPA148_2	MPA198_1	MPA198_2	NPA200_1	NPA200_2	MPA234_1	MPA234_2	NPA237_1	NPA237_2	MPA295_1	MPA295_2	NPA247_1	NPA247_2	MPA314_1	MPA314_2	NPA267_1	NPA267_2	MPA900_1	MPA900_2	NPA900_1	NPA900_2
MAG_1079_2;ladderane	0	0	1.8592863272744742	0.06573841246952394	0	0	0	0	0	0	0	0	0	0	0	0	0	0	0	0	0	0.17582492402089922	0	0	0	0	0.15177403719472332	0.5473459509845834	0	0	0	0	0	0	0	0	0	0	0	0	0	0	0	0	0.6908172882699918	0.875532505466171	0	0
MAG_1131_4;ladderane	0	0	1.097095658273316	0	0	0	0	0	0	0	0	0	0	0	0	0	0	0	0	0	0	0	0	0	0	0	0.07126816811362306	0.10265619260555302	0	0	0	0	0	0	0	0	0	0	0	0	0	0	0	0	0.4491345811400032	0.22029810133895789	0	0
MAG_120_4;ladderane	0	0	0.84450280876845	0.18772978382925087	0	0	0	0	0	0	0	0	0	0	0	0	0	0	0	0	0	0	0	0	0	0	0.4389895578308726	0	0	0	0	0	0	0	0	0	0	0	0	0	0	0	0	0	0	0.24490965992040778	0	0
MAG_1224_47;ladderane	0	0	2.337780067697138	0.7088566711350238	0	0	0	0	0	0	0	0	0	0	0	0	0	0	0	0	0	0	0	0	0	0	0.24831909211727476	0	0	0	0	0	0	0	0	0	0	0	0	0	0	0	0	0	1.5373215444656	0.9212860495434183	0	0
MAG_1285_8;ladderane	0	0	0	0	0	0	0	0	0	0	0	0	0	0	0	0	0	0	0	0	0.19182910143971066	0	0	0	0	0	0.14029427870940925	0	0	0	0.4156505869236345	0	0	0	0	0	0	0	0	0	0	0	0	0	0	0	0	0
MAG_1312_3;ladderane	0	0	0	0	0	0	0	0	0	0	0	0	0	0	0	0	0	0	0	0	0.0985164975780902	0	0	0	0	0	0	0	0	0	0	0	0	0	0	0	0	0	0	0	0	0	0	0	0	0	0	0
MAG_1414_10;ladderane	0	0	2.130896086181109	0.7432742518858659	0	0	0	0	0	0	0	0	0	0	0	0	0	0	0	0	0	0	0	0	0	0	0.8545547159295194	1.3530085352354406	0	0	0.05930156893531511	0	0	0	0	0	0	0	0	0	0	0	0	0	2.3431268855708187	1.495163806746927	0	0
MAG_1414_5;ladderane	0	0	1.8005765702925955	0.3216116592184891	0	0	0	0	0	0	0	0	0	0	0	0	0	0	0	0	0	0.10648727752749437	0	0	0	0	0.5582607911686279	0.5627408744983287	0	0	0.24400316748229198	0	0	0	0	0	0	0	0	0	0	0	0	0	1.7157968605209777	1.5506205590419684	0	0
MAG_1423_2;ladderane	0	0	0.06716674931358284	0.41791061417154246	0	0	0	0	0	0	0	0	0	0	0	0	0	0	0	0	0.5019497294338504	0	0	0	0	0	0.5364832363017127	0.31490166662983204	0	0	0.03429160309938601	0	0	0	0	0	0	0	0	0	0	0	0	0	0	0.7122272131547662	0	0
MAG_1506_5;ladderane	0	0	0	0	0	0	0	0	0	0	0	0	0	0	0	0	0	0	0	0	0	0	0	0	0	0	1.403020631520059	0.47844980601615866	0	0	0.32797711830841836	0	0	0	0	0	0	0	0	0	0	0	0	0	0.7877672305059914	0.2673306531831415	0	0
MAG_196_1;ladderane	0	0	0	0	0	0	0	0	0	0	0	0	0	0	0	0	0	0	0	0	0	0	0	0	0	0	0	0	0	0	0.8378420009523961	0.43140880818033667	0	0	0.09802658005323867	0	0	0	0.2644552058090525	0	0	0	0	0	0	0	0	0
MAG_196_3;ladderane	0	0	0	1.5548629535730187	0	0	0.5867828475387581	0.7165472561844871	1.3002301652553219	0	0.04703029608664452	0.19576018656241545	0.48957823588419475	1.3325310908204449	0	0.7050392086838939	1.0996780903378338	0.3489435719815735	0	0	0	0.22828329168787062	0	0	0	0	0	0	0	0	0.829784719590788	1.2321805227299127	0	0	1.1318134106957793	1.1013627707781504	0	1.0957130835061317	0	0	1.0627380255691807	2.07047352260423	0	0	0	0	0	0
MAG_196_4;ladderane	0	0	0	0	0	0	0	0	0	0	0	0	0	0	0	0	0.10902589394642816	0	0	0	0	0	0	0	0	0	0	0	0	0	0.40582638905256674	0.6821731798797612	0	0	0.15537318093162777	0	0	0	0	0	0	0	0	0	0	0	0	0
MAG_334_20;ladderane	0	0	2.3830051851920104	0.2421073481622736	0	0	0	0	0	0	0	0	0	0	0	0	0	0	0	0	0.29043340272187074	0	0	0	0	0	1.0526031216251874	1.090572884978445	0	0	0.5264529393755731	0	0	0	0	0	0	0	0	0	0	0	0	0	2.0284696768603965	2.390689489626031	0	0
MAG_334_6;ladderane	0	0	2.8026896142454625	1.3306675366169138	0	0	0	0	0	0	0	0	0	0	0	0	0	0	0	0	0	0.23403444793263456	0	0	0	0	1.1751125092039192	1.6330948715827487	0	0	0.728449381519667	0	0	0	0	0	0	0	0	0	0	0	0	0	2.2576744077375976	1.0753869108298768	0	0
MAG_334_9;ladderane	0	0	2.338361217657085	0.9202344192887073	0	0	0	0	0	0	0	0	0	0	0	0	0	0	0	0	0.27653987712375455	0.2079498248194699	0	0	0	0	1.1345382855543236	1.0655153150369312	0	0	0.7848938022820832	0	0	0	0	0	0	0	0	0	0	0	0	0	2.5402364649997655	1.9590317792621537	0	0
MAG_341_11;ladderane	0	0	2.3356310890530816	0	0	0	0	0	0	0	0	0	0	0	0	0	0	0	0	0	0	0	0	0	0	0	0	0.5360701130696186	0	0	0	0	0	0	0	0	0	0	0	0	0	0	0	0	0.9754537706066888	0	0	0
MAG_358_17;ladderane	0	0	1.5567551087608618	0	0	0	0	0	0	0	0	0	0	0	0	0	0	0	0	0	0	0	0	0	0	0	0.1719642301453256	0	0	0	0.2073614458433759	0	0	0	0	0.16606549651319197	0	0	0	0	0	0	0	0	0	0.12859698527278693	0	0
MAG_379_10;ladderane	0	0	2.4913059684350243	0	0	0	0	0	0	0	0	0	0	0	0	0	0	0	0	0	0	0	0	0	0	0	0	0	0	0	0	0	0	0	0	0	0	0	0	0	0	0	0	0	0	0.39901487176541767	0	0
MAG_45_7;ladderane	0	0	1.8041283028539161	0.6002237595285568	0	0	0	0	0	0	0	0	0	0	0	0	0	0	0	0	0.12286372328053423	0.24209129401768323	0	0	0	0	0.35071027278812505	0.45731432389132093	0	0	0	0	0	0	0	0	0	0	0	0	0	0	0	0	1.7506262086988726	0.06267280159890466	0	0
MAG_479_5;ladderane	0	0	0.8504513887871815	0.013411100437769751	0	0	0	0	0	0	0	0	0	0	0	0	0	0	0	0	0	0.02110816439906378	0	0	0	0	0.028192914793630314	0.3445115603980114	0	0	0.29677267113711375	0	0	0	0	0	0	0	0	0	0	0	0	0	0	0.3858987640288612	0	0
MAG_49_5;ladderane	0	0	1.736528240135107	0	0	0	0	0	0	0	0	0	0	0	0	0	0	0	0	0	0	0	0	0	0	0	1.4328380177719298	1.2610788238186659	0	0	0.41158085430580577	0	0	0	0	0	0	0	0	0	0	0	0	0	1.289568736072832	1.4123696940632848	0	0
MAG_522_1;ladderane	0	0	1.9710106253338564	1.1307874551909063	0	0	0	0	0	0	0	0	0	0	0	0	0	0	0	0	0.2092283495713139	0.5553970861965579	0	0	0	0	1.2464018839993125	1.4198628399056181	0	0	0.39821615505176744	0	0	0	0.30823714281296466	0	0	0	0	0	0	0	0	0	1.5904405555830068	1.2803508611838128	0	0
MAG_522_13;ladderane	0	0	1.1665128329623475	0.23721233369312078	0	0	0.10036436226666842	0	0	0	0	0	0	0	0	0	0	0	0	0	0	0	0	0	0	0	0.12395875455529906	0.8585259939171886	0	0	0.05965294653815138	0	0	0	0	0	0	0	0	0	0	0	0	0	1.8355281732094035	1.840060551272743	0	0
MAG_62_18;ladderane	0	0	0.9714344906904255	0	0	0	0	0	0	0	0	0	0	0	0	0	0	0	0	0	0	0.11133006526099239	0	0	0	0	0	0	0	0	0	0	0	0	0	0	0	0	0	0	0	0	0	0	1.213200098063111	0	0	0
MAG_623_17;ladderane	0	0	0.06178896497717284	0	0	0	0	0	0	0	0	0	0	0	0	0	0	0	0	0	0	0	0	0	0	0	0.8541010969726501	0	0	0	0	0	0	0	0	0	0	0	0	0	0	0	0	0	0.20092196385450986	1.3215941454989197	0	0
MAG_623_7;ladderane	0	0	0.6372580329878711	0.044244757165667475	0	0	0	0	0	0	0	0	0	0	0	0	0	0	0	0	0	0	0	0	0	0	0.3187164415733461	1.3687798531865307	0	0	0	0	0	0	0	0	0	0	0	0	0	0	0	0	1.6450843633148484	1.3865591045815178	0	0
MAG_815_4;ladderane	0	0	1.6648385930413485	0.6579613337087321	0	0	0	0	0	0	0	0	0	0	0	0	0	0	0	0	0	0	0	0	0	0	0.14409294177294157	0.6985595531002791	0	0	0.1303471727201559	0	0	0	0	0	0	0	0	0	0	0	0	0	0.3213367459300553	0.5404491971981515	0	0
MAG_907_15;ladderane	0	0	0	0	0	0	0	0	0	0	0	0	0	0	0	0	0	0	0	0	0	0	0	0	0	0	0	0.09634948306368729	0	0	0	0	0	0	0	0	0	0	0	0	0	0	0	0	0.5217796594387494	0.175328693697286	0	0
MAG_914_12;ladderane	0	0	0.7072352500994922	0	0	0	0	0	0	0	0	0	0	0	0	0	0	0	0	0	0	0	0	0	0	0	0	0.23088088670075962	0	0	0	0	0	0	0	0	0	0	0	0	0	0	0	0	0	0	0	0
MAG_1149_11;ladderane	0	0	0	0	0	0	0	0	0	0	0	0	0	0	0	0	0	0	0	0	0	0	0	0	0	0	0	0	0	0	0.3492750811688296	1.0262250557248145	0	0	0	0	0	0	0	0	0	0	0	0	0	0	0	0
MAG_236_2;ladderane	0	0	0	0	0	0	0	0	0	0	0	0	0	0	0	0	0	0	0	0	0	0	0	0	0	0	0	0.1113642431034962	0	0	0.05861109110117381	0	0	0	0	0	0	0	0	0	0	0	0	0	1.120319462476541	0	0	0
MAG_24_6;ladderane	0	0	0	0	0	0	0	0.2085000563978774	0	0	0	0	0	0	0	0	0	0	0	0	0	0	0.6032854032490664	0	0	0	0.6286581017030953	0.5067405788947812	0	0	1.932646767906355	1.4293134458408425	0	0	0.2900472984673213	2.3126585928739107	0.5201105274443677	1.2255123130754542	0	0	1.9336524895693432	1.4227349826707454	0	0.8257990218571275	1.2717270382964292	0.9164738181844501	0	0
MAG_754_140;ladderane	0	0	0	0	0	0	0	0	0	0	0	0	0	0	0	0	0	0	0	0	0.10365065751847757	0	0	0	0	0	0	0	0	0	0	0	0	0	0	0	0	0	0	0	0	0	0	0	0	0	0	0
MAG_758_9;ladderane	0	0	0	0.7805076220698026	0	0	0	0	0	0	0	0	0	0	0	0	0	0	0	0	0	0	0	0	0	0	0	0	0	0	0	0	0	0	0	0	0	0	0	0	0	0	0	0	0.13628143812431112	0	0	0
MAG_933_34;ladderane	0	0	0	0	0	0	0	0	0	0	0	0	0	0	0	0	0	0	0	0	0	0	0	0	0	0	0.3126268663624491	0.15842548170660875	0	0	0	0	0	0	0	0	0	0	0	0	0	0	0	0	0	0.5327536528068976	0	0
MAG_1183_30;ladderane	0	0	0	0	0	0	0	0	0	0	0	0	0	0	0	0	0	0	0	0	0	0	0	0	0	0	0	0	0	0	0.07973387570777385	0	0	0	0	0	0	0	0	0	0	0	0	0	0	0	0	0
MAG_1215_4;ladderane	0	0	0	0	0	0	0	0	0	0	0	0	0	0	0	0	0	0	0	0	0	0	0	0	0	0	0	0	0	0	0.8421837013742071	0.15062994351249046	0	0	0	0	0	0	0	0	0	0	0	0	0	0	0	0
MAG_1215_86;ladderane	0	0	0	0	0	0	0	0	0	0	0	0	0	0	0	0	0	0	0	0	0	0	0	0	0	0	0	0	0	0	0.35279260730442863	0	0	0	0	0	0	0	0	0	0	0	0	0	0	0	0	0
MAG_929_30;ladderane	0	0	0	0	0	0	0	0	0	0	0	0	0	0	0	0	0	0	0	0	0	0	0	0	0	0	0	0	0	0	0	0	0	0	0	0	0	0	0.5003789632942635	0	0	0	0	0	0	0	0	0
MAG_929_82;ladderane	0	0	0	0	0	0	0	0	0	0	0	0	0	0	0	0	0	0	0	0	0	0	0	0	0	0	0	0	0	0	0.03374295273029165	0.15996461952444024	0	0	0	0	0	0	0	0	0	0	0	0	0	0	0	0
MAG_1208_62;ladderane	0	0	0.1306153447533656	0	0	0	0.5959514862509725	1.2410664300000904	0.12564768820937994	0	4.460288677007518	3.022356249679758	0.38718189280042326	0.566302256150196	2.317822831293629	1.627054638401721	1.6399351065183432	3.6765247821156786	0.6055536152938299	0	0	0	0.1387927273358043	0	0	0	0	0	0	0	0.43625329979280963	0	0	0	2.993118301298696	0.6768908619802935	0	0.7203309765129275	0.8516357978749776	0	0	2.8830683233347143	0	0	0	0	0	0
MAG_1208_67;ladderane	0	0	0	0	0.1106455828803902	0	1.0479174984799344	1.45546648745955	0.4191276425238651	0	3.5410198083246023	2.6187285630583204	1.7364389028632785	1.2804187561544402	1.8007988366059828	1.1380030645748276	1.629113483675005	2.8450380972489957	0.2312049826512585	0.20747113566779174	0	0	0	0	0	0	0	0	0	0	0.7883600925725827	0.889835621667458	0	0.43162533787890767	2.536055545748869	1.6849880397874277	0	0.5623256987288506	0.946725201940676	0.5956475697234643	0	1.5246610239960652	0.9959273577956305	0	0	0	0	0
MAG_864_15;ladderane	0	0	0	0	0	0	0	0.15470357569811158	0	0	1.763979136672964	0.9549899546581065	0	0.9369029138571171	0.5817934844032671	0.24479232708675028	0.865854226431315	1.7711762661015156	0	0	0	0	0	0	0	0	0	0	0	0	0	0	0	0	0.6440456330589599	0	0	0	0.24842332058494804	0	0	1.7188754599249836	0	0	0	0	0	0
MAG_864_30;ladderane	0	0	0	0	0	0	0.993534914619264	0.14418338159917682	0	0	1.8569180019889522	1.0010227740388256	0.7743633332276006	1.0319633374864696	0.8968888359564764	0.24512063524014724	1.2799236590513163	1.9558997498704918	0	0.12040277444093857	0	0	0	0	0	0	0	0	0	0	0.1775490363501363	0.7965047997324468	0	0	1.1337854337198532	0.9850955587671169	0	0.46856923378149334	0.8062889228829888	2.0838931747931193	1.236689346744176	1.723325325463129	0	0	0	0	0	0
MAG_971_7;ladderane	0	0	0	0	0	0	0	0	0	0	0	0	0	0	0	0	0	0	0	0	0	0	0	0	0	0	0	0.11070899774315347	0	0	0	0	0	0	0	0	0	0	0	0	0	0	0	0	0	0	0	0
MAG_1305_1;ladderane	0	0	0	0	0	0	0	0	0	0.13848998088528544	0	0	0	0	0	0	0	0	0	0	0	0	0	0	0	0	1.310308557864574	1.4462433696818757	0	0	0	0	0	0	0	0	0	0	0	0	0	0	0	0	1.7340967024239977	0	0	0
MAG_954_210;ladderane	0	0	0	0	0	0	0	0	0	0	0	0	0	0	0	0	0	0	0	0	0	0	0	0	0	0	0	0.4527892808570424	0	0	0	0.5395845955396272	0	0	0	0	0	0	0	0	0	0	0	0	0	0	0	0
MAG_982_30;ladderane	0	0	0	0	0	0	0	0	0	0	0	0	0	0	0	0	0	0	0	0	0	0	0	0	0	0	0	0	0	0	0	0	0	0	0	0	0	0	0	0	0	0	0	0	0.46581810214989444	0	0	0
MAG_244_38;ladderane	0	0	0	0	0	0	0	0	0	0	0	0	0	0	0	0	0	0	0	0	0	0	0	0	0	0	0.26013387031315255	0	0	0	0	0	0	0	0	0	0	0	0	0	0	0	0	0	0.694518905379726	0.7934012293707332	0	0
MAG_114_1;ladderane	0	0	0.30244383243830114	0	0	0	0	0	0	0	0	0	0	0.168080301916789	0	0	0	0	0	0	0	0	0.263949581432198	0	0	0	0	0	0	0	0.031145068894123457	0	0	0	0	0	0	0	0	0	0	0	0	0	0.29043910283010904	0.1587848836971156	0	0
MAG_1322_174;ladderane	0	0	0	0	0	0	0	0.06963755077624767	0	0	0	0.07355713349515626	0	0	0	0.1358995706121331	0	0	0	0	0	0	0	0	0	0	0	0	0	0	0	0	0	0	0	0	0	0	0	0	0	0	0	0	0	0	0	0
MAG_1526_8;ladderane	0	0	0	0	0	0	0	0.10437322240662669	0	0	0	0	0	0	0	0	0	0	0	0	0	0	0	0	0	0	0	0	0	0	0.31484648137738247	0.060423335893105605	0	0	0.12738710184191784	0	0	0	0	0	0	0	0	0	0	0	0	0
